epoch,accuracy,learning_rate,loss,val_accuracy,val_loss
0,0.9574283361434937,0.0010000000474974513,0.112596295773983,0.9827144742012024,0.06990630179643631
1,0.9899401068687439,0.0010000000474974513,0.03451109305024147,0.9797268509864807,0.05433860793709755
2,0.9899401068687439,0.0010000000474974513,0.04283100366592407,0.9935979247093201,0.024230174720287323
3,0.998399555683136,0.0010000000474974513,0.008365651592612267,0.9944515824317932,0.023101164028048515
4,0.9987653493881226,0.0010000000474974513,0.005554982926696539,0.9957319498062134,0.021582873538136482
5,0.9992683529853821,0.0010000000474974513,0.004410566296428442,0.9938113689422607,0.026120327413082123
6,0.9993140697479248,0.0010000000474974513,0.004002197179943323,0.9946649670600891,0.0226754117757082
7,0.9996342062950134,0.00020000000949949026,0.0028701939154416323,0.9946649670600891,0.02238485775887966
8,0.9996342062950134,0.00020000000949949026,0.002801001537591219,0.9946649670600891,0.02280450239777565
