model,accuracy,precision,recall,f1,architecture,tokenizer/vectorizer,embedding
GRU,0.9933859611691914,0.9936628643852978,0.9965046075627582,0.9950817071235919,LSTM GRU RNN,TextVectorization,Keras Layer
LSTM,0.9880520588862812,0.9923542529467984,0.9898315856371147,0.9910913140311804,LSTM RNN,TextVectorization,Keras Layer
Basic Keras,0.9861318540644335,0.9876582278481013,0.9917381633301557,0.9896939908038688,Basic RNN,TextVectorization,Keras Layer
Baseline Gridsearch,0.8523575848090463,0.8305952060328575,0.9799809342230696,0.8991253644314868,Multinomial Naive Bayes,TfidfVectorizer,None
